,star_rating,title,content_rating,genre,duration,actors_list
0,9.3,The Shawshank Redemption,R,Crime,142,"[u'Tim Robbins', u'Morgan Freeman', u'Bob Gunton']"
1,9.2,The Godfather,R,Crime,175,"[u'Marlon Brando', u'Al Pacino', u'James Caan']"
2,9.1,The Godfather: Part II,R,Crime,200,"[u'Al Pacino', u'Robert De Niro', u'Robert Duvall']"
3,9.0,The Dark Knight,PG-13,Action,152,"[u'Christian Bale', u'Heath Ledger', u'Aaron Eckhart']"
4,8.9,Pulp Fiction,R,Crime,154,"[u'John Travolta', u'Uma Thurman', u'Samuel L. Jackson']"
6,8.9,"The Good, the Bad and the Ugly",NOT RATED,Western,161,"[u'Clint Eastwood', u'Eli Wallach', u'Lee Van Cleef']"
7,8.9,The Lord of the Rings: The Return of the King,PG-13,Adventure,201,"[u'Elijah Wood', u'Viggo Mortensen', u'Ian McKellen']"
8,8.9,Schindler's List,R,Biography,195,"[u'Liam Neeson', u'Ralph Fiennes', u'Ben Kingsley']"
9,8.9,Fight Club,R,Drama,139,"[u'Brad Pitt', u'Edward Norton', u'Helena Bonham Carter']"
10,8.8,The Lord of the Rings: The Fellowship of the Ring,PG-13,Adventure,178,"[u'Elijah Wood', u'Ian McKellen', u'Orlando Bloom']"
11,8.8,Inception,PG-13,Action,148,"[u'Leonardo DiCaprio', u'Joseph Gordon-Levitt', u'Ellen Page']"
12,8.8,Star Wars: Episode V - The Empire Strikes Back,PG,Action,124,"[u'Mark Hamill', u'Harrison Ford', u'Carrie Fisher']"
13,8.8,Forrest Gump,PG-13,Drama,142,"[u'Tom Hanks', u'Robin Wright', u'Gary Sinise']"
14,8.8,The Lord of the Rings: The Two Towers,PG-13,Adventure,179,"[u'Elijah Wood', u'Ian McKellen', u'Viggo Mortensen']"
15,8.7,Interstellar,PG-13,Adventure,169,"[u'Matthew McConaughey', u'Anne Hathaway', u'Jessica Chastain']"
16,8.7,One Flew Over the Cuckoo's Nest,R,Drama,133,"[u'Jack Nicholson', u'Louise Fletcher', u'Michael Berryman']"
17,8.7,Seven Samurai,UNRATED,Drama,207,"[u'Toshir\xf4 Mifune', u'Takashi Shimura', u'Keiko Tsushima']"
18,8.7,Goodfellas,R,Biography,146,"[u'Robert De Niro', u'Ray Liotta', u'Joe Pesci']"
19,8.7,Star Wars,PG,Action,121,"[u'Mark Hamill', u'Harrison Ford', u'Carrie Fisher']"
20,8.7,The Matrix,R,Action,136,"[u'Keanu Reeves', u'Laurence Fishburne', u'Carrie-Anne Moss']"
21,8.7,City of God,R,Crime,130,"[u'Alexandre Rodrigues', u'Matheus Nachtergaele', u'Leandro Firmino']"
22,8.7,It's a Wonderful Life,APPROVED,Drama,130,"[u'James Stewart', u'Donna Reed', u'Lionel Barrymore']"
24,8.7,Se7en,R,Drama,127,"[u'Morgan Freeman', u'Brad Pitt', u'Kevin Spacey']"
26,8.6,Once Upon a Time in the West,PG-13,Western,175,"[u'Henry Fonda', u'Charles Bronson', u'Claudia Cardinale']"
30,8.6,Spirited Away,PG,Animation,125,"[u'Daveigh Chase', u'Suzanne Pleshette', u'Miyu Irino']"
36,8.6,Saving Private Ryan,R,Action,169,"[u'Tom Hanks', u'Matt Damon', u'Tom Sizemore']"
40,8.5,The Green Mile,R,Crime,189,"[u'Tom Hanks', u'Michael Clarke Duncan', u'David Morse']"
42,8.5,The Pianist,R,Biography,150,"[u'Adrien Brody', u'Thomas Kretschmann', u'Frank Finlay']"
43,8.5,The Dark Knight Rises,PG-13,Action,165,"[u'Christian Bale', u'Tom Hardy', u'Anne Hathaway']"
44,8.5,Gladiator,R,Action,155,"[u'Russell Crowe', u'Joaquin Phoenix', u'Connie Nielsen']"
45,8.5,Terminator 2: Judgment Day,R,Action,137,"[u'Arnold Schwarzenegger', u'Linda Hamilton', u'Edward Furlong']"
47,8.5,Taare Zameen Par,PG,Drama,165,"[u'Darsheel Safary', u'Aamir Khan', u'Tanay Chheda']"
49,8.5,The Departed,R,Crime,151,"[u'Leonardo DiCaprio', u'Matt Damon', u'Jack Nicholson']"
50,8.5,Cinema Paradiso,R,Drama,155,"[u'Philippe Noiret', u'Enzo Cannavale', u'Antonella Attili']"
51,8.5,Apocalypse Now,R,Drama,153,"[u'Martin Sheen', u'Marlon Brando', u'Robert Duvall']"
52,8.5,The Great Dictator,APPROVED,Comedy,125,"[u'Charles Chaplin', u'Paulette Goddard', u'Jack Oakie']"
53,8.5,The Prestige,PG-13,Drama,130,"[u'Christian Bale', u'Hugh Jackman', u'Scarlett Johansson']"
56,8.5,The Lives of Others,R,Drama,137,"[u'Ulrich M\xfche', u'Martina Gedeck', u'Sebastian Koch']"
59,8.5,Django Unchained,R,Western,165,"[u'Jamie Foxx', u'Christoph Waltz', u'Leonardo DiCaprio']"
60,8.5,3 Idiots,PG-13,Comedy,170,"[u'Aamir Khan', u'Madhavan', u'Mona Singh']"
62,8.5,The Shining,R,Horror,146,"[u'Jack Nicholson', u'Shelley Duvall', u'Danny Lloyd']"
66,8.4,Munna Bhai M.B.B.S.,NOT RATED,Comedy,156,"[u'Sunil Dutt', u'Sanjay Dutt', u'Arshad Warsi']"
67,8.4,American Beauty,R,Drama,122,"[u'Kevin Spacey', u'Annette Bening', u'Thora Birch']"
68,8.4,Das Boot,R,Adventure,149,"[u'J\xfcrgen Prochnow', u'Herbert Gr\xf6nemeyer', u'Klaus Wennemann']"
69,8.4,Princess Mononoke,PG-13,Animation,134,"[u'Y\xf4ji Matsuda', u'Yuriko Ishida', u'Y\xfbko Tanaka']"
70,8.4,Amelie,R,Comedy,122,"[u'Audrey Tautou', u'Mathieu Kassovitz', u'Rufus']"
71,8.4,North by Northwest,APPROVED,Adventure,136,"[u'Cary Grant', u'Eva Marie Saint', u'James Mason']"
72,8.4,Rang De Basanti,NOT RATED,Drama,157,"[u'Aamir Khan', u'Soha Ali Khan', u'Siddharth']"
73,8.4,Jodaeiye Nader az Simin,PG-13,Drama,123,"[u'Peyman Moaadi', u'Leila Hatami', u'Sareh Bayat']"
75,8.4,Aliens,R,Action,137,"[u'Sigourney Weaver', u'Michael Biehn', u'Carrie Henn']"
76,8.4,Vertigo,APPROVED,Mystery,128,"[u'James Stewart', u'Kim Novak', u'Barbara Bel Geddes']"
78,8.4,Once Upon a Time in America,R,Crime,229,"[u'Robert De Niro', u'James Woods', u'Elizabeth McGovern']"
80,8.4,Star Wars: Episode VI - Return of the Jedi,PG,Action,134,"[u'Mark Hamill', u'Harrison Ford', u'Carrie Fisher']"
82,8.4,Braveheart,R,Action,177,"[u'Mel Gibson', u'Sophie Marceau', u'Patrick McGoohan']"
83,8.4,To Kill a Mockingbird,NOT RATED,Drama,129,"[u'Gregory Peck', u'John Megna', u'Frank Overton']"
85,8.4,Lawrence of Arabia,PG,Adventure,216,"[u""Peter O'Toole"", u'Alec Guinness', u'Anthony Quinn']"
86,8.4,A Clockwork Orange,X,Crime,136,"[u'Malcolm McDowell', u'Patrick Magee', u'Michael Bates']"
89,8.4,Swades,NOT RATED,Drama,189,"[u'Shah Rukh Khan', u'Gayatri Joshi', u'Kishori Balal']"
93,8.4,Dilwale Dulhania Le Jayenge,NOT RATED,Comedy,181,"[u'Shah Rukh Khan', u'Kajol', u'Amrish Puri']"
95,8.4,All About Eve,APPROVED,Drama,138,"[u'Bette Davis', u'Anne Baxter', u'George Sanders']"
97,8.4,The Sting,PG,Comedy,129,"[u'Paul Newman', u'Robert Redford', u'Robert Shaw']"
99,8.4,Amadeus,R,Biography,160,"[u'F. Murray Abraham', u'Tom Hulce', u'Elizabeth Berridge']"
100,8.3,The Treasure of the Sierra Madre,NOT RATED,Action,126,"[u'Humphrey Bogart', u'Walter Huston', u'Tim Holt']"
103,8.3,The Apartment,APPROVED,Comedy,125,"[u'Jack Lemmon', u'Shirley MacLaine', u'Fred MacMurray']"
104,8.3,Ikiru,NOT RATED,Drama,143,"[u'Takashi Shimura', u'Nobuo Kaneko', u""Shin'ichi Himori""]"
107,8.3,For a Few Dollars More,APPROVED,Western,132,"[u'Clint Eastwood', u'Lee Van Cleef', u'Gian Maria Volont\xe9']"
108,8.3,Metropolis,NOT RATED,Drama,153,"[u'Brigitte Helm', u'Alfred Abel', u'Gustav Fr\xf6hlich']"
109,8.3,Dil Chahta Hai,NOT RATED,Comedy,183,"[u'Aamir Khan', u'Saif Ali Khan', u'Akshaye Khanna']"
110,8.3,2001: A Space Odyssey,G,Mystery,160,"[u'Keir Dullea', u'Gary Lockwood', u'William Sylvester']"
112,8.3,L.A. Confidential,R,Crime,138,"[u'Kevin Spacey', u'Russell Crowe', u'Guy Pearce']"
113,8.3,Batman Begins,PG-13,Action,140,"[u'Christian Bale', u'Michael Caine', u'Ken Watanabe']"
114,8.3,Inglourious Basterds,R,Adventure,153,"[u'Brad Pitt', u'Diane Kruger', u'Eli Roth']"
115,8.3,Scarface,R,Crime,170,"[u'Al Pacino', u'Michelle Pfeiffer', u'Steven Bauer']"
116,8.3,Mr. Smith Goes to Washington,NOT RATED,Drama,129,"[u'James Stewart', u'Jean Arthur', u'Claude Rains']"
118,8.3,Indiana Jones and the Last Crusade,PG-13,Action,127,"[u'Harrison Ford', u'Sean Connery', u'Alison Doody']"
119,8.3,Unforgiven,R,Western,131,"[u'Clint Eastwood', u'Gene Hackman', u'Morgan Freeman']"
120,8.3,The Great Escape,UNRATED,Adventure,172,"[u'Steve McQueen', u'James Garner', u'Richard Attenborough']"
124,8.3,Raging Bull,R,Biography,129,"[u'Robert De Niro', u'Cathy Moriarty', u'Joe Pesci']"
125,8.3,Downfall,R,Biography,156,"[u'Bruno Ganz', u'Alexandra Maria Lara', u'Ulrich Matthes']"
129,8.3,Ran,R,Action,162,"[u'Tatsuya Nakadai', u'Akira Terao', u'Jinpachi Nezu']"
130,8.3,Chinatown,R,Drama,130,"[u'Jack Nicholson', u'Faye Dunaway', u'John Huston']"
132,8.3,Judgment at Nuremberg,NOT RATED,Drama,186,"[u'Spencer Tracy', u'Burt Lancaster', u'Richard Widmark']"
133,8.3,Barfi!,NOT RATED,Adventure,151,"[u'Ranbir Kapoor', u'Priyanka Chopra', u'Ileana']"
135,8.3,Heat,R,Action,170,"[u'Al Pacino', u'Robert De Niro', u'Val Kilmer']"
137,8.3,The Bridge on the River Kwai,PG,Adventure,161,"[u'William Holden', u'Alec Guinness', u'Jack Hawkins']"
138,8.3,Die Hard,R,Action,131,"[u'Bruce Willis', u'Alan Rickman', u'Bonnie Bedelia']"
139,8.3,Good Will Hunting,R,Drama,126,"[u'Robin Williams', u'Matt Damon', u'Ben Affleck']"
140,8.3,The Wages of Fear,NOT RATED,Adventure,131,"[u'Yves Montand', u'Charles Vanel', u'Peter van Eyck']"
141,8.3,The Secret in Their Eyes,R,Drama,129,"[u'Ricardo Dar\xedn', u'Soledad Villamil', u'Pablo Rago']"
142,8.3,Lagaan: Once Upon a Time in India,PG,Adventure,224,"[u'Aamir Khan', u'Gracy Singh', u'Rachel Shelley']"
143,8.2,The Wolf of Wall Street,R,Biography,180,"[u'Leonardo DiCaprio', u'Jonah Hill', u'Margot Robbie']"
146,8.2,Warrior,PG-13,Drama,140,"[u'Tom Hardy', u'Nick Nolte', u'Joel Edgerton']"
148,8.2,The Elephant Man,PG,Biography,124,"[u'Anthony Hopkins', u'John Hurt', u'Anne Bancroft']"
149,8.2,Rebecca,NOT RATED,Mystery,130,"[u'Laurence Olivier', u'Joan Fontaine', u'George Sanders']"
150,8.2,Incendies,R,Drama,139,"[u'Lubna Azabal', u'M\xe9lissa D\xe9sormeaux-Poulin', u'Maxim Gaudette']"
152,8.2,V for Vendetta,R,Action,132,"[u'Hugo Weaving', u'Natalie Portman', u'Rupert Graves']"
154,8.2,Cool Hand Luke,PG,Crime,126,"[u'Paul Newman', u'George Kennedy', u'Strother Martin']"
155,8.2,Relatos salvajes,R,Comedy,122,"[u'Dar\xedo Grandinetti', u'Mar\xeda Marull', u'M\xf3nica Villa']"
156,8.2,Casino,R,Biography,178,"[u'Robert De Niro', u'Sharon Stone', u'Joe Pesci']"
157,8.2,Gone with the Wind,G,Drama,238,"[u'Clark Gable', u'Vivien Leigh', u'Thomas Mitchell']"
158,8.2,Gone Girl,R,Drama,149,"[u'Ben Affleck', u'Rosamund Pike', u'Neil Patrick Harris']"
159,8.2,The Best Years of Our Lives,PASSED,Drama,172,"[u'Fredric March', u'Dana Andrews', u'Myrna Loy']"
163,8.2,Rush,R,Action,123,"[u'Daniel Br\xfchl', u'Chris Hemsworth', u'Olivia Wilde']"
164,8.2,Into the Wild,R,Adventure,148,"[u'Emile Hirsch', u'Vince Vaughn', u'Catherine Keener']"
165,8.2,My Sassy Girl,NOT RATED,Comedy,123,"[u'Tae-hyun Cha', u'Gianna Jun', u'In-mun Kim']"
166,8.2,The Deer Hunter,R,Drama,182,"[u'Robert De Niro', u'Christopher Walken', u'John Cazale']"
170,8.2,A Beautiful Mind,PG-13,Biography,135,"[u'Russell Crowe', u'Ed Harris', u'Jennifer Connelly']"
173,8.2,Tae Guk Gi: The Brotherhood of War,R,Action,140,"[u'Dong-gun Jang', u'Bin Won', u'Eun-ju Lee']"
177,8.2,The Avengers,PG-13,Action,143,"[u'Robert Downey Jr.', u'Chris Evans', u'Scarlett Johansson']"
180,8.2,Hotel Rwanda,PG-13,Drama,121,"[u'Don Cheadle', u'Sophie Okonedo', u'Joaquin Phoenix']"
181,8.2,Stalker,NOT RATED,Drama,163,"[u'Alisa Freyndlikh', u'Aleksandr Kaydanovskiy', u'Anatoliy Solonitsyn']"
182,8.2,The Battle of Algiers,NOT RATED,Crime,121,"[u'Brahim Hadjadj', u'Jean Martin', u'Yacef Saadi']"
183,8.2,Underground,NOT RATED,Comedy,167,"[u'Predrag Manojlovic', u'Lazar Ristovski', u'Mirjana Jokovic']"
184,8.2,Fanny and Alexander,R,Drama,188,"[u'Bertil Guve', u'Pernilla Allwin', u'Kristina Adolphson']"
185,8.2,Network,R,Drama,121,"[u'Faye Dunaway', u'William Holden', u'Peter Finch']"
188,8.2,The Grapes of Wrath,NOT RATED,Drama,129,"[u'Henry Fonda', u'Jane Darwell', u'John Carradine']"
189,8.2,"Black Cat, White Cat",R,Comedy,127,"[u'Bajram Severdzan', u'Srdjan Todorovic', u'Branka Katic']"
194,8.1,Kingsman: The Secret Service,R,Action,129,"[u'Colin Firth', u'Taron Egerton', u'Samuel L. Jackson']"
196,8.1,Guardians of the Galaxy,PG-13,Action,121,"[u'Chris Pratt', u'Vin Diesel', u'Bradley Cooper']"
197,8.1,In the Name of the Father,R,Biography,133,"[u'Daniel Day-Lewis', u'Pete Postlethwaite', u'Alison Crosbie']"
199,8.1,No Country for Old Men,R,Crime,122,"[u'Tommy Lee Jones', u'Javier Bardem', u'Josh Brolin']"
201,8.1,12 Years a Slave,R,Biography,134,"[u'Chiwetel Ejiofor', u'Michael Kenneth Williams', u'Michael Fassbender']"
202,8.1,La leggenda del pianista sull'oceano,R,Drama,165,"[u'Tim Roth', u'Pruitt Taylor Vince', u'Bill Nunn']"
203,8.1,8 1/2,NOT RATED,Drama,138,"[u'Marcello Mastroianni', u'Anouk Aim\xe9e', u'Claudia Cardinale']"
204,8.1,Ben-Hur,G,Adventure,212,"[u'Charlton Heston', u'Jack Hawkins', u'Stephen Boyd']"
205,8.1,Amores Perros,R,Drama,154,"[u'Emilio Echevarr\xeda', u'Gael Garc\xeda Bernal', u'Goya Toledo']"
207,8.1,What Ever Happened to Baby Jane?,APPROVED,Drama,134,"[u'Bette Davis', u'Joan Crawford', u'Victor Buono']"
211,8.1,Departures,PG-13,Drama,130,"[u'Masahiro Motoki', u'Ry\xf4ko Hirosue', u'Tsutomu Yamazaki']"
213,8.1,There Will Be Blood,R,Drama,158,"[u'Daniel Day-Lewis', u'Paul Dano', u'Ciar\xe1n Hinds']"
216,8.1,Sin City,R,Crime,124,"[u'Mickey Rourke', u'Clive Owen', u'Bruce Willis']"
217,8.1,Memories of Murder,UNRATED,Crime,132,"[u'Kang-ho Song', u'Sang-kyung Kim', u'Roe-ha Kim']"
219,8.1,Who's Afraid of Virginia Woolf?,TV-MA,Drama,131,"[u'Elizabeth Taylor', u'Richard Burton', u'George Segal']"
220,8.1,Gandhi,PG,Biography,191,"[u'Ben Kingsley', u'John Gielgud', u'Candice Bergen']"
221,8.1,Solaris,PG,Drama,167,"[u'Natalya Bondarchuk', u'Donatas Banionis', u'J\xfcri J\xe4rvet']"
222,8.1,Harry Potter and the Deathly Hallows: Part 2,PG-13,Adventure,130,"[u'Daniel Radcliffe', u'Emma Watson', u'Rupert Grint']"
223,8.1,"Paris, Texas",R,Drama,147,"[u'Harry Dean Stanton', u'Nastassja Kinski', u'Dean Stockwell']"
226,8.1,Boyhood,R,Drama,165,"[u'Ellar Coltrane', u'Patricia Arquette', u'Ethan Hawke']"
227,8.1,Million Dollar Baby,PG-13,Drama,132,"[u'Hilary Swank', u'Clint Eastwood', u'Morgan Freeman']"
231,8.1,La Dolce Vita,NOT RATED,Comedy,174,"[u'Marcello Mastroianni', u'Anita Ekberg', u'Anouk Aim\xe9e']"
241,8.1,Castle in the Sky,PG,Animation,124,"[u'Anna Paquin', u'James Van Der Beek', u'Cloris Leachman']"
244,8.1,Shutter Island,R,Mystery,138,"[u'Leonardo DiCaprio', u'Emily Mortimer', u'Mark Ruffalo']"
245,8.1,Barry Lyndon,PG,Adventure,184,"[u""Ryan O'Neal"", u'Marisa Berenson', u'Patrick Magee']"
248,8.1,X-Men: Days of Future Past,PG-13,Action,131,"[u'Patrick Stewart', u'Ian McKellen', u'Hugh Jackman']"
249,8.1,Sleuth,PG,Mystery,138,"[u'Laurence Olivier', u'Michael Caine', u'Alec Cawthorne']"
251,8.1,The Man Who Shot Liberty Valance,APPROVED,Drama,123,"[u'James Stewart', u'John Wayne', u'Vera Miles']"
256,8.1,Akira,R,Animation,124,"[u'Nozomu Sasaki', u'Mami Koyama', u'Mitsuo Iwata']"
257,8.1,Anatomy of a Murder,UNRATED,Crime,160,"[u'James Stewart', u'Lee Remick', u'Ben Gazzara']"
259,8.1,The Help,PG-13,Drama,146,"[u'Emma Stone', u'Viola Davis', u'Octavia Spencer']"
260,8.1,The Sea Inside,PG-13,Biography,125,"[u'Javier Bardem', u'Bel\xe9n Rueda', u'Lola Due\xf1as']"
262,8.1,The Hustler,UNRATED,Drama,134,"[u'Paul Newman', u'Jackie Gleason', u'Piper Laurie']"
263,8.1,Rio Bravo,NOT RATED,Western,141,"[u'John Wayne', u'Dean Martin', u'Ricky Nelson']"
264,8.1,Twelve Monkeys,R,Mystery,129,"[u'Bruce Willis', u'Madeleine Stowe', u'Brad Pitt']"
267,8.1,Jaws,PG,Drama,124,"[u'Roy Scheider', u'Robert Shaw', u'Richard Dreyfuss']"
268,8.1,The Raid 2,R,Action,150,"[u'Iko Uwais', u'Yayan Ruhian', u'Arifin Putra']"
270,8.1,Wings of Desire,PG-13,Drama,128,"[u'Bruno Ganz', u'Solveig Dommartin', u'Otto Sander']"
271,8.1,Pirates of the Caribbean: The Curse of the Black Pearl,PG-13,Adventure,143,"[u'Johnny Depp', u'Geoffrey Rush', u'Orlando Bloom']"
273,8.1,Papillon,R,Biography,151,"[u'Steve McQueen', u'Dustin Hoffman', u'Victor Jory']"
278,8.1,Dog Day Afternoon,R,Crime,125,"[u'Al Pacino', u'John Cazale', u'Penelope Allen']"
284,8.1,A Streetcar Named Desire,PG,Drama,122,"[u'Vivien Leigh', u'Marlon Brando', u'Kim Hunter']"
288,8.1,Sling Blade,R,Drama,135,"[u'Billy Bob Thornton', u'Dwight Yoakam', u'J.T. Walsh']"
289,8.1,All Quiet on the Western Front,UNRATED,Drama,136,"[u'Lew Ayres', u'Louis Wolheim', u'John Wray']"
290,8.1,Prisoners,R,Crime,153,"[u'Hugh Jackman', u'Jake Gyllenhaal', u'Viola Davis']"
292,8.1,The Manchurian Candidate,APPROVED,Mystery,126,"[u'Frank Sinatra', u'Laurence Harvey', u'Janet Leigh']"
296,8.1,The Wild Bunch,R,Action,145,"[u'William Holden', u'Ernest Borgnine', u'Robert Ryan']"
299,8.0,Jurassic Park,PG-13,Adventure,127,"[u'Sam Neill', u'Laura Dern', u'Jeff Goldblum']"
300,8.0,Dogville,R,Crime,178,"[u'Nicole Kidman', u'Paul Bettany', u'Lauren Bacall']"
301,8.0,Furious 7,PG-13,Action,137,"[u'Vin Diesel', u'Paul Walker', u'Dwayne Johnson']"
302,8.0,Patton,GP,Biography,172,"[u'George C. Scott', u'Karl Malden', u'Stephen Young']"
304,8.0,Being There,PG,Comedy,130,"[u'Peter Sellers', u'Shirley MacLaine', u'Melvyn Douglas']"
309,8.0,Blood Diamond,R,Adventure,143,"[u'Leonardo DiCaprio', u'Djimon Hounsou', u'Jennifer Connelly']"
310,8.0,Big Fish,PG-13,Adventure,125,"[u'Ewan McGregor', u'Albert Finney', u'Billy Crudup']"
312,8.0,Star Trek,PG-13,Action,127,"[u'Chris Pine', u'Zachary Quinto', u'Simon Pegg']"
316,8.0,JFK,R,Drama,189,"[u'Kevin Costner', u'Gary Oldman', u'Jack Lemmon']"
317,8.0,Dawn of the Dead,UNRATED,Horror,127,"[u'David Emge', u'Ken Foree', u'Scott H. Reiniger']"
318,8.0,Magnolia,R,Drama,188,"[u'Tom Cruise', u'Jason Robards', u'Julianne Moore']"
321,8.0,Brazil,R,Sci-Fi,132,"[u'Jonathan Pryce', u'Kim Greist', u'Robert De Niro']"
322,8.0,The Exorcist,R,Horror,122,"[u'Ellen Burstyn', u'Max von Sydow', u'Linda Blair']"
323,8.0,Her,R,Drama,126,"[u'Joaquin Phoenix', u'Amy Adams', u'Scarlett Johansson']"
324,8.0,Dancer in the Dark,R,Crime,140,"[u'Bj\xf6rk', u'Catherine Deneuve', u'David Morse']"
325,8.0,Rain Man,R,Drama,133,"[u'Dustin Hoffman', u'Tom Cruise', u'Valeria Golino']"
335,8.0,Doctor Zhivago,PG-13,Drama,197,"[u'Omar Sharif', u'Julie Christie', u'Geraldine Chaplin']"
336,8.0,Life of Pi,PG,Adventure,127,"[u'Suraj Sharma', u'Irrfan Khan', u'Adil Hussain']"
337,8.0,All the President's Men,R,Drama,138,"[u'Dustin Hoffman', u'Robert Redford', u'Jack Warden']"
339,8.0,Dances with Wolves,PG-13,Adventure,181,"[u'Kevin Costner', u'Mary McDonnell', u'Graham Greene']"
340,8.0,Catch Me If You Can,PG-13,Biography,141,"[u'Leonardo DiCaprio', u'Tom Hanks', u'Christopher Walken']"
341,8.0,Cinderella Man,PG-13,Biography,144,"[u'Russell Crowe', u'Ren\xe9e Zellweger', u'Craig Bierko']"
342,8.0,Dead Poets Society,PG,Drama,128,"[u'Robin Williams', u'Robert Sean Leonard', u'Ethan Hawke']"
344,8.0,Head-On,R,Drama,121,"[u'Birol \xdcnel', u'Sibel Kekilli', u'G\xfcven Kira\xe7']"
348,8.0,The Sound of Music,G,Biography,174,"[u'Julie Andrews', u'Christopher Plummer', u'Eleanor Parker']"
354,8.0,Kill Bill: Vol. 2,R,Action,137,"[u'Uma Thurman', u'David Carradine', u'Michael Madsen']"
355,8.0,Secrets & Lies,R,Drama,136,"[u'Timothy Spall', u'Brenda Blethyn', u'Phyllis Logan']"
359,8.0,The Hobbit: The Desolation of Smaug,PG-13,Adventure,161,"[u'Ian McKellen', u'Martin Freeman', u'Richard Armitage']"
361,8.0,Fiddler on the Roof,G,Drama,181,"[u'Topol', u'Norma Crane', u'Leonard Frey']"
362,8.0,The Hobbit: An Unexpected Journey,PG-13,Adventure,169,"[u'Martin Freeman', u'Ian McKellen', u'Richard Armitage']"
364,8.0,Rosemary's Baby,R,Drama,136,"[u'Mia Farrow', u'John Cassavetes', u'Ruth Gordon']"
365,8.0,Mystic River,R,Crime,138,"[u'Sean Penn', u'Tim Robbins', u'Kevin Bacon']"
367,8.0,Amarcord,R,Comedy,123,"[u'Magali No\xebl', u'Bruno Zanin', u'Pupella Maggio']"
373,8.0,My Name Is Khan,PG-13,Drama,165,"[u'Shah Rukh Khan', u'Kajol', u'Sheetal Menon']"
374,8.0,Scent of a Woman,R,Drama,156,"[u'Al Pacino', u""Chris O'Donnell"", u'James Rebhorn']"
375,8.0,Mulholland Dr.,R,Drama,147,"[u'Naomi Watts', u'Laura Harring', u'Justin Theroux']"
377,8.0,The Fault in Our Stars,PG-13,Drama,126,"[u'Shailene Woodley', u'Ansel Elgort', u'Nat Wolff']"
380,8.0,Casino Royale,PG-13,Action,144,"[u'Daniel Craig', u'Eva Green', u'Judi Dench']"
385,8.0,Spartacus,PG-13,Action,197,"[u'Kirk Douglas', u'Laurence Olivier', u'Jean Simmons']"
388,8.0,The Blues Brothers,R,Action,133,"[u'John Belushi', u'Dan Aykroyd', u'Cab Calloway']"
390,8.0,Letters from Iwo Jima,R,Drama,141,"[u'Ken Watanabe', u'Kazunari Ninomiya', u'Tsuyoshi Ihara']"
392,8.0,Glory,R,Drama,122,"[u'Matthew Broderick', u'Denzel Washington', u'Cary Elwes']"
396,7.9,Almost Famous,R,Drama,122,"[u'Billy Crudup', u'Patrick Fugit', u'Kate Hudson']"
397,7.9,The Notebook,PG-13,Drama,123,"[u'Gena Rowlands', u'James Garner', u'Rachel McAdams']"
404,7.9,The Remains of the Day,PG,Drama,134,"[u'Anthony Hopkins', u'Emma Thompson', u'John Haycraft']"
409,7.9,Hard Boiled,R,Action,128,"[u'Yun-Fat Chow', u'Tony Chiu Wai Leung', u'Teresa Mo']"
415,7.9,The Killing Fields,R,Drama,141,"[u'Sam Waterston', u'Haing S. Ngor', u'John Malkovich']"
418,7.9,Ed Wood,R,Biography,127,"[u'Johnny Depp', u'Martin Landau', u'Sarah Jessica Parker']"
420,7.9,The Man Who Would Be King,PG,Action,129,"[u'Sean Connery', u'Michael Caine', u'Christopher Plummer']"
421,7.9,The Outlaw Josey Wales,PG,Western,135,"[u'Clint Eastwood', u'Sondra Locke', u'Chief Dan George']"
423,7.9,The Insider,R,Biography,157,"[u'Russell Crowe', u'Al Pacino', u'Christopher Plummer']"
424,7.9,The Right Stuff,R,Adventure,193,"[u'Sam Shepard', u'Scott Glenn', u'Ed Harris']"
426,7.9,A Prophet,R,Crime,155,"[u'Tahar Rahim', u'Niels Arestrup', u'Adel Bencherif']"
428,7.9,Le passe,PG-13,Drama,130,"[u'B\xe9r\xe9nice Bejo', u'Tahar Rahim', u'Ali Mosaffa']"
430,7.9,Breaking the Waves,R,Drama,159,"[u'Emily Watson', u'Stellan Skarsg\xe5rd', u'Katrin Cartlidge']"
431,7.9,Mr. Nobody,R,Drama,141,"[u'Jared Leto', u'Sarah Polley', u'Diane Kruger']"
433,7.9,Avatar,PG-13,Action,162,"[u'Sam Worthington', u'Zoe Saldana', u'Sigourney Weaver']"
434,7.9,Iron Man,PG-13,Action,126,"[u'Robert Downey Jr.', u'Gwyneth Paltrow', u'Terrence Howard']"
436,7.9,Carlito's Way,R,Crime,144,"[u'Al Pacino', u'Sean Penn', u'Penelope Ann Miller']"
442,7.9,Walk the Line,PG-13,Biography,136,"[u'Joaquin Phoenix', u'Reese Witherspoon', u'Ginnifer Goodwin']"
444,7.9,My Fair Lady,APPROVED,Drama,170,"[u'Audrey Hepburn', u'Rex Harrison', u'Stanley Holloway']"
445,7.9,The Ten Commandments,APPROVED,Adventure,220,"[u'Charlton Heston', u'Yul Brynner', u'Anne Baxter']"
447,7.9,Captain Phillips,PG-13,Biography,134,"[u'Tom Hanks', u'Barkhad Abdi', u'Barkhad Abdirahman']"
448,7.9,Cabaret,PG,Drama,124,"[u'Liza Minnelli', u'Michael York', u'Helmut Griem']"
456,7.9,Blue Is the Warmest Color,NC-17,Drama,179,"[u'L\xe9a Seydoux', u'Ad\xe8le Exarchopoulos', u'Salim Kechiouche']"
457,7.9,Boogie Nights,R,Drama,155,"[u'Mark Wahlberg', u'Julianne Moore', u'Burt Reynolds']"
458,7.9,Hot Fuzz,R,Comedy,121,"[u'Simon Pegg', u'Nick Frost', u'Martin Freeman']"
460,7.9,The World's Fastest Indian,PG-13,Biography,127,"[u'Anthony Hopkins', u'Diane Ladd', u'Iain Rea']"
466,7.9,The Girl with the Dragon Tattoo,R,Crime,158,"[u'Daniel Craig', u'Rooney Mara', u'Christopher Plummer']"
469,7.8,Tombstone,R,Action,130,"[u'Kurt Russell', u'Val Kilmer', u'Sam Elliott']"
473,7.8,Ordinary People,R,Drama,124,"[u'Donald Sutherland', u'Mary Tyler Moore', u'Judd Hirsch']"
474,7.8,The Best Offer,R,Crime,131,"[u'Geoffrey Rush', u'Jim Sturgess', u'Sylvia Hoeks']"
475,7.8,Silver Linings Playbook,R,Comedy,122,"[u'Bradley Cooper', u'Jennifer Lawrence', u'Robert De Niro']"
476,7.8,Hamlet,PG-13,Drama,242,"[u'Kenneth Branagh', u'Julie Christie', u'Derek Jacobi']"
477,7.8,Amour,PG-13,Drama,127,"[u'Jean-Louis Trintignant', u'Emmanuelle Riva', u'Isabelle Huppert']"
478,7.8,I Saw the Devil,NOT RATED,Crime,141,"[u'Byung-hun Lee', u'Min-sik Choi', u'In-seo Kim']"
479,7.8,The Motorcycle Diaries,R,Adventure,126,"[u'Gael Garc\xeda Bernal', u'Rodrigo De la Serna', u'M\xeda Maestro']"
482,7.8,The Girl with the Dragon Tattoo,R,Crime,152,"[u'Michael Nyqvist', u'Noomi Rapace', u'Ewa Fr\xf6ling']"
485,7.8,Black Book,R,Drama,145,"[u'Carice van Houten', u'Sebastian Koch', u'Thom Hoffman']"
487,7.8,Kaze tachinu,PG-13,Animation,126,"[u'Hideaki Anno', u'Hidetoshi Nishijima', u'Miori Takimoto']"
488,7.8,Star Trek Into Darkness,PG-13,Action,132,"[u'Chris Pine', u'Zachary Quinto', u'Zoe Saldana']"
491,7.8,The Magnificent Seven,NOT RATED,Action,128,"[u'Yul Brynner', u'Steve McQueen', u'Charles Bronson']"
493,7.8,Mississippi Burning,R,Crime,128,"[u'Gene Hackman', u'Willem Dafoe', u'Frances McDormand']"
495,7.8,The Day of the Jackal,PG,Crime,143,"[u'Edward Fox', u'Terence Alexander', u'Michel Auclair']"
498,7.8,Fantasia,G,Animation,125,"[u'Leopold Stokowski', u'Deems Taylor', u'Corey Burton']"
500,7.8,American Gangster,R,Biography,157,"[u'Denzel Washington', u'Russell Crowe', u'Chiwetel Ejiofor']"
504,7.8,Empire of the Sun,PG,Drama,153,"[u'Christian Bale', u'John Malkovich', u'Miranda Richardson']"
505,7.8,About Time,R,Drama,123,"[u'Domhnall Gleeson', u'Rachel McAdams', u'Bill Nighy']"
508,7.8,The Curious Case of Benjamin Button,PG-13,Drama,166,"[u'Brad Pitt', u'Cate Blanchett', u'Tilda Swinton']"
517,7.8,Captain America: The Winter Soldier,PG-13,Action,136,"[u'Chris Evans', u'Samuel L. Jackson', u'Scarlett Johansson']"
525,7.8,Pride & Prejudice,PG,Drama,129,"[u'Keira Knightley', u'Matthew Macfadyen', u'Brenda Blethyn']"
526,7.8,Zulu,UNRATED,Drama,138,"[u'Stanley Baker', u'Jack Hawkins', u'Ulla Jacobsson']"
527,7.8,Night on Earth,R,Comedy,129,"[u'Winona Ryder', u'Gena Rowlands', u'Lisanne Falk']"
529,7.8,Apocalypto,R,Action,139,"[u'Gerardo Taracena', u'Raoul Trujillo', u'Dalia Hern\xe1ndez']"
530,7.8,Atonement,R,Drama,123,"[u'Keira Knightley', u'James McAvoy', u'Brenda Blethyn']"
531,7.8,The Dirty Dozen,NOT RATED,Action,150,"[u'Lee Marvin', u'Ernest Borgnine', u'Charles Bronson']"
532,7.8,X-Men: First Class,PG-13,Action,132,"[u'James McAvoy', u'Michael Fassbender', u'Jennifer Lawrence']"
534,7.8,The Longest Day,G,Action,178,"[u'John Wayne', u'Robert Ryan', u'Richard Burton']"
536,7.8,The Last Emperor,PG-13,Biography,163,"[u'John Lone', u'Joan Chen', u""Peter O'Toole""]"
538,7.8,The White Ribbon,R,Drama,144,"[u'Christian Friedel', u'Ernst Jacobi', u'Leonie Benesch']"
539,7.8,The Fugitive,PG-13,Action,130,"[u'Harrison Ford', u'Tommy Lee Jones', u'Sela Ward']"
540,7.8,The Color Purple,PG-13,Drama,154,"[u'Danny Glover', u'Whoopi Goldberg', u'Oprah Winfrey']"
550,7.8,The Theory of Everything,PG-13,Biography,123,"[u'Eddie Redmayne', u'Felicity Jones', u'Tom Prior']"
551,7.8,Harry Potter and the Prisoner of Azkaban,PG,Adventure,142,"[u'Daniel Radcliffe', u'Emma Watson', u'Rupert Grint']"
555,7.8,3:10 to Yuma,R,Adventure,122,"[u'Russell Crowe', u'Christian Bale', u'Ben Foster']"
556,7.8,The Name of the Rose,R,Crime,130,"[u'Sean Connery', u'Christian Slater', u'Helmut Qualtinger']"
557,7.8,Mary Poppins,APPROVED,Comedy,139,"[u'Julie Andrews', u'Dick Van Dyke', u'David Tomlinson']"
558,7.8,The Game,R,Drama,129,"[u'Michael Douglas', u'Deborah Kara Unger', u'Sean Penn']"
559,7.8,Changeling,R,Drama,141,"[u'Angelina Jolie', u'Colm Feore', u'Amy Ryan']"
560,7.8,Donnie Brasco,R,Biography,127,"[u'Al Pacino', u'Johnny Depp', u'Michael Madsen']"
561,7.8,Serpico,R,Biography,130,"[u'Al Pacino', u'John Randolph', u'Jack Kehoe']"
568,7.8,Skyfall,PG-13,Action,143,"[u'Daniel Craig', u'Javier Bardem', u'Naomie Harris']"
569,7.8,Ray,PG-13,Biography,152,"[u'Jamie Foxx', u'Regina King', u'Kerry Washington']"
571,7.8,A Bronx Tale,R,Crime,121,"[u'Robert De Niro', u'Chazz Palminteri', u'Lillo Brancato']"
574,7.8,Control,R,Biography,122,"[u'Sam Riley', u'Samantha Morton', u'Craig Parkinson']"
578,7.8,As Good as It Gets,PG-13,Comedy,139,"[u'Jack Nicholson', u'Helen Hunt', u'Greg Kinnear']"
579,7.8,Awakenings,PG-13,Biography,121,"[u'Robert De Niro', u'Robin Williams', u'Julie Kavner']"
581,7.8,Man on Fire,R,Action,146,"[u'Denzel Washington', u'Christopher Walken', u'Dakota Fanning']"
584,7.8,Good Bye Lenin!,R,Comedy,121,"[u'Daniel Br\xfchl', u'Katrin Sa\xdf', u'Chulpan Khamatova']"
591,7.7,The Count of Monte Cristo,PG-13,Action,131,"[u'Jim Caviezel', u'Guy Pearce', u'Richard Harris']"
594,7.7,Dead Man,R,Drama,121,"[u'Johnny Depp', u'Gary Farmer', u'Crispin Glover']"
596,7.7,21 Grams,R,Crime,124,"[u'Sean Penn', u'Benicio Del Toro', u'Naomi Watts']"
601,7.7,The Last King of Scotland,R,Biography,123,"[u'James McAvoy', u'Forest Whitaker', u'Gillian Anderson']"
603,7.7,A Very Long Engagement,R,Drama,133,"[u'Audrey Tautou', u'Gaspard Ulliel', u'Jodie Foster']"
605,7.7,Stardust,PG-13,Adventure,127,"[u'Charlie Cox', u'Claire Danes', u'Sienna Miller']"
606,7.7,Black Hawk Down,R,Drama,144,"[u'Josh Hartnett', u'Ewan McGregor', u'Tom Sizemore']"
609,7.7,Frost/Nixon,R,Drama,122,"[u'Frank Langella', u'Michael Sheen', u'Kevin Bacon']"
611,7.7,Short Cuts,R,Comedy,187,"[u'Andie MacDowell', u'Julianne Moore', u'Tim Robbins']"
613,7.7,The Last Samurai,R,Action,154,"[u'Tom Cruise', u'Ken Watanabe', u'Billy Connolly']"
616,7.7,Sympathy for Mr. Vengeance,R,Crime,129,"[u'Kang-ho Song', u'Ha-kyun Shin', u'Doona Bae']"
620,7.7,Titanic,PG-13,Drama,194,"[u'Leonardo DiCaprio', u'Kate Winslet', u'Billy Zane']"
623,7.7,Dawn of the Planet of the Apes,PG-13,Action,130,"[u'Gary Oldman', u'Keri Russell', u'Andy Serkis']"
624,7.7,25th Hour,R,Crime,135,"[u'Edward Norton', u'Barry Pepper', u'Philip Seymour Hoffman']"
627,7.7,The Blind Side,PG-13,Biography,129,"[u'Quinton Aaron', u'Sandra Bullock', u'Tim McGraw']"
628,7.7,Brokeback Mountain,R,Drama,134,"[u'Jake Gyllenhaal', u'Heath Ledger', u'Michelle Williams']"
629,7.7,Cast Away,PG-13,Adventure,143,"[u'Tom Hanks', u'Helen Hunt', u'Paul Sanchez']"
630,7.7,Malcolm X,PG-13,Biography,202,"[u'Denzel Washington', u'Angela Bassett', u'Delroy Lindo']"
634,7.7,Close Encounters of the Third Kind,PG,Drama,137,"[u'Richard Dreyfuss', u'Fran\xe7ois Truffaut', u'Teri Garr']"
635,7.7,Match Point,R,Drama,124,"[u'Scarlett Johansson', u'Jonathan Rhys Meyers', u'Emily Mortimer']"
636,7.7,Training Day,R,Crime,122,"[u'Denzel Washington', u'Ethan Hawke', u'Scott Glenn']"
640,7.7,Love Actually,R,Comedy,135,"[u'Hugh Grant', u'Martine McCutcheon', u'Liam Neeson']"
642,7.7,Harry Potter and the Deathly Hallows: Part 1,PG-13,Adventure,146,"[u'Daniel Radcliffe', u'Emma Watson', u'Rupert Grint']"
644,7.7,Philadelphia,PG-13,Drama,125,"[u'Tom Hanks', u'Denzel Washington', u'Roberta Maxwell']"
645,7.7,Sense and Sensibility,PG,Drama,131,"[u'Emma Thompson', u'Kate Winslet', u'James Fleet']"
647,7.7,La grande bellezza,NOT RATED,Drama,142,"[u'Toni Servillo', u'Carlo Verdone', u'Sabrina Ferilli']"
648,7.7,Primal Fear,R,Crime,129,"[u'Richard Gere', u'Laura Linney', u'Edward Norton']"
649,7.7,Where Eagles Dare,,Action,158,"[u'Richard Burton', u'Clint Eastwood', u'Mary Ure']"
658,7.7,The Hunger Games: Catching Fire,PG-13,Adventure,146,"[u'Jennifer Lawrence', u'Josh Hutcherson', u'Liam Hemsworth']"
659,7.7,Sophie's Choice,R,Drama,150,"[u'Meryl Streep', u'Kevin Kline', u'Peter MacNicol']"
660,7.7,La Vie en Rose,PG-13,Biography,140,"[u'Marion Cotillard', u'Sylvie Testud', u'Pascal Greggory']"
661,7.7,Star Wars: Episode III - Revenge of the Sith,PG-13,Action,140,"[u'Hayden Christensen', u'Natalie Portman', u'Ewan McGregor']"
665,7.7,Lolita,NOT RATED,Drama,152,"[u'James Mason', u'Shelley Winters', u'Sue Lyon']"
671,7.7,Grindhouse,R,Action,191,"[u'Kurt Russell', u'Rose McGowan', u'Danny Trejo']"
676,7.7,Lost Highway,R,Drama,134,"[u'Bill Pullman', u'Patricia Arquette', u'John Roselius']"
677,7.7,Zodiac,R,Crime,157,"[u'Jake Gyllenhaal', u'Robert Downey Jr.', u'Mark Ruffalo']"
678,7.7,Les Miserables,PG-13,Drama,158,"[u'Hugh Jackman', u'Russell Crowe', u'Anne Hathaway']"
679,7.7,Moulin Rouge!,PG-13,Drama,127,"[u'Nicole Kidman', u'Ewan McGregor', u'John Leguizamo']"
683,7.7,Fury,R,Action,134,"[u'Brad Pitt', u'Shia LaBeouf', u'Logan Lerman']"
684,7.7,The Big Blue,PG-13,Action,168,"[u'Jean-Marc Barr', u'Jean Reno', u'Rosanna Arquette']"
686,7.7,Minority Report,PG-13,Action,145,"[u'Tom Cruise', u'Colin Farrell', u'Samantha Morton']"
689,7.7,Seven Pounds,PG-13,Drama,123,"[u'Will Smith', u'Rosario Dawson', u'Woody Harrelson']"
690,7.7,Midnight Express,R,Biography,121,"[u'Brad Davis', u'Irene Miracle', u'Bo Hopkins']"
691,7.7,Kelly's Heroes,GP,Action,144,"[u'Clint Eastwood', u'Telly Savalas', u'Don Rickles']"
693,7.7,The Player,R,Comedy,124,"[u'Tim Robbins', u'Greta Scacchi', u'Fred Ward']"
694,7.7,Traffic,R,Crime,147,"[u'Michael Douglas', u'Benicio Del Toro', u'Catherine Zeta-Jones']"
697,7.7,Inside Man,R,Crime,129,"[u'Denzel Washington', u'Clive Owen', u'Jodie Foster']"
699,7.6,The Fifth Element,PG-13,Action,126,"[u'Bruce Willis', u'Milla Jovovich', u'Gary Oldman']"
700,7.6,Milk,R,Biography,128,"[u'Sean Penn', u'Josh Brolin', u'Emile Hirsch']"
702,7.6,Jin ling shi san chai,R,Drama,146,"[u'Christian Bale', u'Ni Ni', u'Xinyi Zhang']"
705,7.6,I Am Sam,PG-13,Drama,132,"[u'Sean Penn', u'Michelle Pfeiffer', u'Dakota Fanning']"
706,7.6,Fried Green Tomatoes,PG-13,Drama,130,"[u'Kathy Bates', u'Jessica Tandy', u'Mary Stuart Masterson']"
707,7.6,Watchmen,R,Action,162,"[u'Jackie Earle Haley', u'Patrick Wilson', u'Carla Gugino']"
711,7.6,The Godfather: Part III,R,Crime,162,"[u'Al Pacino', u'Diane Keaton', u'Andy Garcia']"
716,7.6,A Few Good Men,R,Drama,138,"[u'Tom Cruise', u'Jack Nicholson', u'Demi Moore']"
718,7.6,The Kite Runner,PG-13,Drama,128,"[u'Khalid Abdalla', u'Ahmad Khan Mahmoodzada', u'Atossa Leoni']"
720,7.6,Munich,R,Drama,164,"[u'Eric Bana', u'Daniel Craig', u'Marie-Jos\xe9e Croze']"
721,7.6,House of Sand and Fog,R,Drama,126,"[u'Jennifer Connelly', u'Ben Kingsley', u'Ron Eldard']"
724,7.6,Lord of War,R,Crime,122,"[u'Nicolas Cage', u'Ethan Hawke', u'Jared Leto']"
725,7.6,Blow,R,Biography,124,"[u'Johnny Depp', u'Pen\xe9lope Cruz', u'Franka Potente']"
726,7.6,Sherlock Holmes,PG-13,Action,128,"[u'Robert Downey Jr.', u'Jude Law', u'Rachel McAdams']"
727,7.6,Harry Potter and the Goblet of Fire,PG-13,Adventure,157,"[u'Daniel Radcliffe', u'Emma Watson', u'Rupert Grint']"
730,7.6,West Side Story,UNRATED,Crime,152,"[u'Natalie Wood', u'George Chakiris', u'Richard Beymer']"
731,7.6,The Thin Red Line,R,Drama,170,"[u'Jim Caviezel', u'Sean Penn', u'Nick Nolte']"
734,7.6,The Last Temptation of Christ,R,Drama,164,"[u'Willem Dafoe', u'Harvey Keitel', u'Barbara Hershey']"
739,7.6,The Hurt Locker,R,Drama,131,"[u'Jeremy Renner', u'Anthony Mackie', u'Brian Geraghty']"
741,7.6,Volver,R,Comedy,121,"[u'Pen\xe9lope Cruz', u'Carmen Maura', u'Lola Due\xf1as']"
745,7.6,Jusan-nin no shikaku,R,Action,141,"[u'K\xf4ji Yakusho', u'Takayuki Yamada', u'Y\xfbsuke Iseya']"
748,7.6,The Hunt for Red October,PG,Action,135,"[u'Sean Connery', u'Alec Baldwin', u'Scott Glenn']"
749,7.6,Lone Survivor,R,Action,121,"[u'Mark Wahlberg', u'Taylor Kitsch', u'Emile Hirsch']"
754,7.6,Apollo 13,PG,Adventure,140,"[u'Tom Hanks', u'Bill Paxton', u'Kevin Bacon']"
755,7.6,"Lust, Caution",NC-17,Drama,157,"[u'Tony Chiu Wai Leung', u'Wei Tang', u'Joan Chen']"
756,7.6,Selma,PG-13,Biography,128,"[u'David Oyelowo', u'Carmen Ejogo', u'Tim Roth']"
758,7.6,The Abyss,PG-13,Adventure,139,"[u'Ed Harris', u'Mary Elizabeth Mastrantonio', u'Michael Biehn']"
760,7.6,Enemy at the Gates,R,Drama,131,"[u'Jude Law', u'Ed Harris', u'Joseph Fiennes']"
762,7.6,Little Children,R,Drama,136,"[u'Kate Winslet', u'Jennifer Connelly', u'Patrick Wilson']"
767,7.6,"It's a Mad, Mad, Mad, Mad World",APPROVED,Action,205,"[u'Spencer Tracy', u'Milton Berle', u'Ethel Merman']"
768,7.6,The Reader,R,Drama,124,"[u'Kate Winslet', u'Ralph Fiennes', u'Bruno Ganz']"
770,7.6,A Royal Affair,R,Drama,137,"[u'Alicia Vikander', u'Mads Mikkelsen', u'Mikkel Boe F\xf8lsgaard']"
776,7.6,Moneyball,PG-13,Biography,133,"[u'Brad Pitt', u'Robin Wright', u'Jonah Hill']"
777,7.6,The Book Thief,PG-13,Drama,131,"[u'Sophie N\xe9lisse', u'Geoffrey Rush', u'Emily Watson']"
778,7.6,Die Hard: With a Vengeance,R,Action,131,"[u'Bruce Willis', u'Jeremy Irons', u'Samuel L. Jackson']"
779,7.6,Interview with the Vampire: The Vampire Chronicles,R,Horror,123,"[u'Brad Pitt', u'Tom Cruise', u'Antonio Banderas']"
780,7.6,Midnight Run,R,Action,126,"[u'Robert De Niro', u'Charles Grodin', u'Yaphet Kotto']"
782,7.6,The Great Debaters,PG-13,Biography,126,"[u'Denzel Washington', u'Forest Whitaker', u'Kimberly Elise']"
784,7.6,Dead Man Walking,R,Crime,122,"[u'Susan Sarandon', u'Sean Penn', u'Robert Prosky']"
785,7.6,The Piano,R,Drama,121,"[u'Holly Hunter', u'Harvey Keitel', u'Sam Neill']"
786,7.6,The Town,R,Crime,125,"[u'Ben Affleck', u'Rebecca Hall', u'Jon Hamm']"
791,7.6,Sideways,R,Comedy,126,"[u'Paul Giamatti', u'Thomas Haden Church', u'Virginia Madsen']"
794,7.6,Hugo,PG,Adventure,126,"[u'Asa Butterfield', u'Chlo\xeb Grace Moretz', u'Christopher Lee']"
801,7.6,Batman,PG-13,Action,126,"[u'Michael Keaton', u'Jack Nicholson', u'Kim Basinger']"
802,7.6,Tell No One,UNRATED,Crime,131,"[u'Fran\xe7ois Cluzet', u'Marie-Jos\xe9e Croze', u'Andr\xe9 Dussollier']"
804,7.6,Chaplin,PG-13,Biography,143,"[u'Robert Downey Jr.', u'Geraldine Chaplin', u'Paul Rhys']"
807,7.6,The Assassination of Jesse James by the Coward Robert Ford,R,Biography,160,"[u'Brad Pitt', u'Casey Affleck', u'Sam Shepard']"
808,7.6,The Fisher King,R,Comedy,137,"[u'Jeff Bridges', u'Robin Williams', u'Adam Bryant']"
813,7.6,The Natural,PG,Drama,138,"[u'Robert Redford', u'Robert Duvall', u'Glenn Close']"
814,7.6,The Hobbit: The Battle of the Five Armies,PG-13,Adventure,144,"[u'Ian McKellen', u'Martin Freeman', u'Richard Armitage']"
817,7.6,Saving Mr. Banks,PG-13,Biography,125,"[u'Emma Thompson', u'Tom Hanks', u'Annie Rose Buckley']"
818,7.6,The Hurricane,R,Biography,146,"[u'Denzel Washington', u'Vicellous Reon Shannon', u'Deborah Kara Unger']"
824,7.5,42,PG-13,Biography,128,"[u'Chadwick Boseman', u'T.R. Knight', u'Harrison Ford']"
826,7.5,Sleepers,R,Crime,147,"[u'Robert De Niro', u'Kevin Bacon', u'Brad Pitt']"
827,7.5,The Wind That Shakes the Barley,NOT RATED,Drama,127,"[u'Cillian Murphy', u'Padraic Delaney', u'Liam Cunningham']"
828,7.5,Gangs of New York,R,Crime,167,"[u'Leonardo DiCaprio', u'Cameron Diaz', u'Daniel Day-Lewis']"
829,7.5,Elizabeth,R,Biography,124,"[u'Cate Blanchett', u'Geoffrey Rush', u'Christopher Eccleston']"
831,7.5,Reign Over Me,R,Drama,124,"[u'Adam Sandler', u'Don Cheadle', u'Jada Pinkett Smith']"
833,7.5,The Life of David Gale,R,Crime,130,"[u'Kevin Spacey', u'Kate Winslet', u'Laura Linney']"
834,7.5,Life as a House,R,Drama,125,"[u'Hayden Christensen', u'Kevin Kline', u'Kristin Scott Thomas']"
836,7.5,Jackie Brown,R,Crime,154,"[u'Pam Grier', u'Samuel L. Jackson', u'Robert Forster']"
838,7.5,The Class,PG-13,Drama,128,"[u'Fran\xe7ois B\xe9gaudeau', u'Agame Malembo-Emene', u'Ang\xe9lica Sancio']"
841,7.5,Perfume: The Story of a Murderer,R,Crime,147,"[u'Ben Whishaw', u'Dustin Hoffman', u'Alan Rickman']"
842,7.5,Cloud Atlas,R,Drama,172,"[u'Tom Hanks', u'Halle Berry', u'Hugh Grant']"
843,7.5,Marathon Man,R,Crime,125,"[u'Dustin Hoffman', u'Laurence Olivier', u'Roy Scheider']"
845,7.5,The Painted Veil,PG-13,Drama,125,"[u'Naomi Watts', u'Edward Norton', u'Liev Schreiber']"
846,7.5,A Simple Plan,R,Crime,121,"[u'Bill Paxton', u'Billy Bob Thornton', u'Bridget Fonda']"
849,7.5,Quiz Show,PG-13,Drama,133,"[u'Ralph Fiennes', u'John Turturro', u'Rob Morrow']"
851,7.5,The Bridges of Madison County,PG-13,Drama,135,"[u'Clint Eastwood', u'Meryl Streep', u'Annie Corley']"
854,7.5,Miracle,PG,Drama,135,"[u'Kurt Russell', u'Patricia Clarkson', u'Nathan West']"
857,7.5,Pleasantville,PG-13,Comedy,124,"[u'Tobey Maguire', u'Jeff Daniels', u'Joan Allen']"
858,7.5,Sherlock Holmes: A Game of Shadows,PG-13,Action,129,"[u'Robert Downey Jr.', u'Jude Law', u'Jared Harris']"
865,7.5,A Perfect World,PG-13,Crime,138,"[u'Kevin Costner', u'Clint Eastwood', u'Laura Dern']"
871,7.5,X2,PG-13,Action,134,"[u'Patrick Stewart', u'Hugh Jackman', u'Halle Berry']"
876,7.5,Freedom Writers,PG-13,Biography,123,"[u'Hilary Swank', u'Imelda Staunton', u'Patrick Dempsey']"
877,7.5,Legends of the Fall,R,Drama,133,"[u'Brad Pitt', u'Anthony Hopkins', u'Aidan Quinn']"
879,7.5,The Constant Gardener,R,Drama,129,"[u'Ralph Fiennes', u'Rachel Weisz', u'Hubert Kound\xe9']"
884,7.5,Open Range,R,Action,139,"[u'Kevin Costner', u'Robert Duvall', u'Diego Luna']"
888,7.5,The Aviator,PG-13,Biography,170,"[u'Leonardo DiCaprio', u'Cate Blanchett', u'Kate Beckinsale']"
889,7.5,Devil's Advocate,R,Drama,144,"[u'Keanu Reeves', u'Al Pacino', u'Charlize Theron']"
891,7.5,Harry Potter and the Half-Blood Prince,PG,Adventure,153,"[u'Daniel Radcliffe', u'Emma Watson', u'Rupert Grint']"
893,7.5,In the Bedroom,R,Crime,130,"[u'Tom Wilkinson', u'Sissy Spacek', u'Nick Stahl']"
895,7.5,Biutiful,R,Drama,148,"[u'Javier Bardem', u'Maricel \xc1lvarez', u'Hanaa Bouchaib']"
898,7.5,The Mission,PG,Adventure,125,"[u'Robert De Niro', u'Jeremy Irons', u'Ray McAnally']"
900,7.5,The Three Burials of Melquiades Estrada,R,Adventure,121,"[u'Tommy Lee Jones', u'Barry Pepper', u'Dwight Yoakam']"
901,7.5,Babel,R,Drama,143,"[u'Brad Pitt', u'Cate Blanchett', u'Gael Garc\xeda Bernal']"
905,7.5,Dracula,R,Horror,128,"[u'Gary Oldman', u'Winona Ryder', u'Anthony Hopkins']"
909,7.5,Harry Potter and the Sorcerer's Stone,PG,Adventure,152,"[u'Daniel Radcliffe', u'Rupert Grint', u'Richard Harris']"
910,7.5,2046,R,Drama,129,"[u'Tony Chiu Wai Leung', u'Ziyi Zhang', u'Faye Wong']"
914,7.5,The Judge,R,Drama,141,"[u'Robert Downey Jr.', u'Robert Duvall', u'Vera Farmiga']"
918,7.5,Running Scared,R,Action,122,"[u'Paul Walker', u'Cameron Bright', u'Chazz Palminteri']"
922,7.5,Mud,PG-13,Drama,130,"[u'Matthew McConaughey', u'Tye Sheridan', u'Jacob Lofland']"
923,7.5,Across the Universe,PG-13,Drama,133,"[u'Evan Rachel Wood', u'Jim Sturgess', u'Joe Anderson']"
924,7.5,Les Miserables,PG-13,Crime,134,"[u'Liam Neeson', u'Geoffrey Rush', u'Uma Thurman']"
932,7.4,Harry Potter and the Order of the Phoenix,PG-13,Adventure,138,"[u'Daniel Radcliffe', u'Emma Watson', u'Rupert Grint']"
935,7.4,Excalibur,R,Adventure,140,"[u'Nigel Terry', u'Helen Mirren', u'Nicholas Clay']"
936,7.4,True Grit,,Adventure,128,"[u'John Wayne', u'Kim Darby', u'Glen Campbell']"
941,7.4,A Bridge Too Far,PG,Drama,175,"[u'Sean Connery', u""Ryan O'Neal"", u'Michael Caine']"
944,7.4,Terms of Endearment,R,Comedy,132,"[u'Shirley MacLaine', u'Debra Winger', u'Jack Nicholson']"
955,7.4,Zero Dark Thirty,R,Drama,157,"[u'Jessica Chastain', u'Joel Edgerton', u'Chris Pratt']"
964,7.4,Lincoln,PG-13,Biography,150,"[u'Daniel Day-Lewis', u'Sally Field', u'David Strathairn']"
967,7.4,The Rock,R,Action,136,"[u'Sean Connery', u'Nicolas Cage', u'Ed Harris']"
968,7.4,The English Patient,R,Drama,162,"[u'Ralph Fiennes', u'Juliette Binoche', u'Willem Dafoe']"
973,7.4,The Cider House Rules,PG-13,Drama,126,"[u'Tobey Maguire', u'Charlize Theron', u'Michael Caine']"
976,7.4,Master and Commander: The Far Side of the World,PG-13,Action,138,"[u'Russell Crowe', u'Paul Bettany', u'Billy Boyd']"
978,7.4,Wall Street,R,Crime,126,"[u'Charlie Sheen', u'Michael Douglas', u'Tamara Tunie']"
